{
    "memTotal": 16178.4609375,
    "memFree": 8055.16796875,
    "memUsed": 8123.29296875,
    "cpu": 0.03,
    "diskTotal": 953189.3515625,
    "diskUsed": 419590.90625,
    "diskFree": 533598.4453125,
    "netSent": 29.01077365875244,
    "netRecv": 594.595513343811
}