{
    "memTotal": 16178.4609375,
    "memFree": 8289.41015625,
    "memUsed": 7889.05078125,
    "cpu": 0.03,
    "diskTotal": 953189.3515625,
    "diskUsed": 419619.390625,
    "diskFree": 533569.9609375,
    "netSent": 36.85909175872803,
    "netRecv": 631.4207630157471
}