{
    "memTotal": 8064.66015625,
    "memFree": 1591.4453125,
    "memUsed": 6473.21484375,
    "cpu": 0.23,
    "diskTotal": 30238.0,
    "diskUsed": 87.34375,
    "diskFree": 30150.65625,
    "netSent": 22.825871467590332,
    "netRecv": 854.6461448669434
}