{
    "memTotal": 16178.4609375,
    "memFree": 4299.81640625,
    "memUsed": 11878.64453125,
    "cpu": 0.01,
    "diskTotal": 953189.3515625,
    "diskUsed": 426443.28515625,
    "diskFree": 526746.06640625,
    "netSent": 361.2027521133423,
    "netRecv": 5835.303014755249
}