{
    "memTotal": 16178.4609375,
    "memFree": 7800.375,
    "memUsed": 8378.0859375,
    "cpu": 0.04,
    "diskTotal": 953189.3515625,
    "diskUsed": 419572.296875,
    "diskFree": 533617.0546875,
    "netSent": 60.438133239746094,
    "netRecv": 946.4599990844727
}