{
    "memTotal": 16178.4609375,
    "memFree": 7465.11328125,
    "memUsed": 8713.34765625,
    "cpu": 0.0,
    "diskTotal": 953189.3515625,
    "diskUsed": 421944.33203125,
    "diskFree": 531245.01953125,
    "netSent": 42.71412181854248,
    "netRecv": 584.2942457199097
}