{
    "memTotal": 16178.4609375,
    "memFree": 8434.1484375,
    "memUsed": 7744.3125,
    "cpu": 0.01,
    "diskTotal": 953189.3515625,
    "diskUsed": 421016.609375,
    "diskFree": 532172.7421875,
    "netSent": 13.381887435913086,
    "netRecv": 165.38859844207764
}